{
  "base_attractor": {
    "a": [
      -582.6435884649358,
      5.424266422570856,
      -0.0059165338064972916,
      -0.002243165876231322,
      0.6800131718820691,
      0.000132083768068527
    ],
    "b": [
      1438.016981501625,
      -4.45715800232542,
      0.005417519994912668,
      -0.0003157847870114674,
      -1.383591696753414,
      0.0010753161318057317
    ],
    "start": [
      470.0071939987037,
      148.87183110618727
    ]
  },
  "base_intensity": 31,
  "transform": [
    [
      1.0,
      0.0,
      0.0,
      1.0
    ],
    [
      0.0,
      0.0
    ]
  ],
  "size": {
    "width": 800,
    "height": 600
  },
  "seed": 8742,
  "multisampling": 1,
  "anti_aliasing": "None",
  "intensity": 1.0,
  "random_start": false,
  "multithreaded": "Single",
  "samples_per_iteration": 1000000,
  "background_color_1": {
    "l": 0.27,
    "c": 0.11,
    "h": 0.6644922
  },
  "background_color_2": {
    "l": 0.1,
    "c": 0.04,
    "h": 0.7084961
  },
  "saved_themes": {
    "Cold": {
      "background_color_1": {
        "l": 0.27,
        "c": 0.11,
        "h": 0.6644922
      },
      "background_color_2": {
        "l": 0.1,
        "c": 0.04,
        "h": 0.7084961
      },
      "gradient": {
        "colors": [
          [
            0.0,
            {
              "l": 0.09640302,
              "a": -0.0045896843,
              "b": -0.01945331
            }
          ],
          [
            0.024492187,
            {
              "l": 0.24869081,
              "a": -0.033586904,
              "b": -0.026650116
            }
          ],
          [
            0.3,
            {
              "l": 0.49635193,
              "a": -0.03772974,
              "b": -0.07815951
            }
          ],
          [
            0.75,
            {
              "l": 0.9187093,
              "a": -0.057915866,
              "b": -0.03651452
            }
          ],
          [
            1.0,
            {
              "l": 0.9939276,
              "a": -0.00021147728,
              "b": 0.008179784
            }
          ]
        ]
      }
    },
    "Hotmap": {
      "background_color_1": {
        "l": 0.27,
        "c": 0.11,
        "h": 0.07
      },
      "background_color_2": {
        "l": 0.1,
        "c": 0.04,
        "h": 0.07
      },
      "gradient": {
        "colors": [
          [
            0.0,
            {
              "l": 0.09,
              "a": 0.02,
              "b": 0.02
            }
          ],
          [
            0.03,
            {
              "l": 0.25,
              "a": 0.09,
              "b": 0.05
            }
          ],
          [
            0.3,
            {
              "l": 0.5,
              "a": 0.18,
              "b": 0.1
            }
          ],
          [
            0.75,
            {
              "l": 0.92,
              "a": -0.05,
              "b": 0.19
            }
          ],
          [
            1.0,
            {
              "l": 1.0,
              "a": 0.0,
              "b": 0.0
            }
          ]
        ]
      }
    },
    "pamtoH": {
      "background_color_1": {
        "l": 0.1,
        "c": 0.04,
        "h": 0.07
      },
      "background_color_2": {
        "l": 0.27,
        "c": 0.11,
        "h": 0.07
      },
      "gradient": {
        "colors": [
          [
            0.0,
            {
              "l": 1.0,
              "a": 0.0,
              "b": 0.0
            }
          ],
          [
            0.25,
            {
              "l": 0.92,
              "a": -0.05,
              "b": 0.19
            }
          ],
          [
            0.7,
            {
              "l": 0.5,
              "a": 0.18,
              "b": 0.1
            }
          ],
          [
            0.97,
            {
              "l": 0.25,
              "a": 0.09,
              "b": 0.05
            }
          ],
          [
            1.0,
            {
              "l": 0.09,
              "a": 0.02,
              "b": 0.02
            }
          ]
        ]
      }
    }
  },
  "gradient": {
    "colors": [
      [
        0.0,
        {
          "l": 0.09640302,
          "a": -0.0045896843,
          "b": -0.01945331
        }
      ],
      [
        0.024492187,
        {
          "l": 0.24869081,
          "a": -0.033586904,
          "b": -0.026650116
        }
      ],
      [
        0.3,
        {
          "l": 0.49635193,
          "a": -0.03772974,
          "b": -0.07815951
        }
      ],
      [
        0.75,
        {
          "l": 0.9187093,
          "a": -0.057915866,
          "b": -0.03651452
        }
      ],
      [
        1.0,
        {
          "l": 0.9939276,
          "a": -0.00021147728,
          "b": 0.008179784
        }
      ]
    ]
  }
}