{"base_attractor":{"a":[-582.6435884649358,5.424266422570856,-0.0059165338064972916,-0.002243165876231322,0.6800131718820691,0.000132083768068527],"b":[1438.016981501625,-4.45715800232542,0.005417519994912668,-0.0003157847870114674,-1.383591696753414,0.0010753161318057317],"start":[470.0071939987037,148.87183110618727]},"base_intensity":31,"transform":[[1.0,0.0,0.0,1.0],[0.0,0.0]],"attractor":{"a":[-582.6435884649358,5.424266422570856,-0.0059165338064972916,-0.002243165876231322,0.6800131718820691,0.000132083768068527],"b":[1438.016981501625,-4.45715800232542,0.005417519994912668,-0.0003157847870114674,-1.3835916967534139,0.0010753161318057315],"start":[327.3013947108456,437.46518564388884]},"size":{"width":800,"height":600},"seed":8742,"multisampling":1,"anti_aliasing":"None","intensity":1.0,"random_start":false,"multithreaded":"Single","samples_per_iteration":1000000,"background_color_1":{"l":0.21958414,"c":0.08998262,"h":0.07949224},"background_color_2":{"l":0.09264077,"c":0.037555758,"h":0.0},"gradient":{"colors":[[0.0,{"l":0.0099998275,"a":0.0035885544,"b":0.0019891658}],[0.03548833,{"l":0.2498803,"a":0.08947905,"b":0.050077617}],[0.5,{"l":0.49999997,"a":0.17943087,"b":0.099460214}],[0.75,{"l":0.74999994,"a":0.0585929,"b":0.15263915}],[1.0,{"l":1.0,"a":0.0,"b":5.9604645e-8}]]}}