{
  "base_attractor": {
    "a": [
      -582.6435884649358,
      5.424266422570856,
      -0.0059165338064972916,
      -0.002243165876231322,
      0.6800131718820691,
      0.000132083768068527
    ],
    "b": [
      1438.016981501625,
      -4.45715800232542,
      0.005417519994912668,
      -0.0003157847870114674,
      -1.3835916967534139,
      0.0010753161318057315
    ],
    "start": [
      470.0071939987037,
      148.87183110618727
    ]
  },
  "base_intensity": 31,
  "transform": [
    [
      1.0,
      0.0,
      0.0,
      1.0
    ],
    [
      0.0,
      0.0
    ]
  ],
  "size": {
    "width": 800,
    "height": 600
  },
  "seed": 8742,
  "multisampling": 1,
  "anti_aliasing": "None",
  "intensity": 1.0,
  "random_start": false,
  "multithreaded": "Single",
  "samples_per_iteration": 1000000,
  "background_color_1": {
    "l": 0.27,
    "c": 0.11,
    "h": 0.07
  },
  "background_color_2": {
    "l": 0.1,
    "c": 0.04,
    "h": 0.07
  },
  "gradient": {
    "colors": [
      [
        0.0,
        {
          "l": 0.09,
          "a": 0.02,
          "b": 0.02
        }
      ],
      [
        0.03,
        {
          "l": 0.25,
          "a": 0.09,
          "b": 0.05
        }
      ],
      [
        0.3,
        {
          "l": 0.5,
          "a": 0.18,
          "b": 0.1
        }
      ],
      [
        0.75,
        {
          "l": 0.92,
          "a": -0.05,
          "b": 0.19
        }
      ],
      [
        1.0,
        {
          "l": 1.0,
          "a": 0.0,
          "b": 0.0
        }
      ]
    ]
  }
}