{
  "base_attractor": {
    "a": [
      305.33722525698323,
      1.0823644787150128,
      -0.0005946409258816189,
      -0.0015147966775982565,
      -0.43983429872303753,
      0.0002609737199100038
    ],
    "b": [
      591.3444583483085,
      -3.5264253314453766,
      0.005549661514236737,
      -0.0014796834612775208,
      0.6935959178526387,
      0.0000617049320350774
    ],
    "start": [
      275.2404246205272,
      428.53253488995335
    ]
  },
  "base_intensity": 46,
  "transform": [
    [
      0.3333333333333333,
      0.0,
      0.0,
      0.3333333333333333
    ],
    [
      0.0,
      0.0
    ]
  ],
  "size": {
    "width": 800,
    "height": 600
  },
  "seed": 11347453782471052076,
  "multisampling": 3,
  "anti_aliasing": "None",
  "intensity": 1.0,
  "random_start": false,
  "multithreaded": "Single",
  "samples_per_iteration": 1000000,
  "background_color_1": {
    "l": 0.15120327,
    "c": 0.047958434,
    "h": 0.40199226
  },
  "background_color_2": {
    "l": 0.15120327,
    "c": 0.047958434,
    "h": 0.40199226
  },
  "saved_themes": {
    "Cold": {
      "background_color_1": {
        "l": 0.27,
        "c": 0.11,
        "h": 0.6644922
      },
      "background_color_2": {
        "l": 0.1,
        "c": 0.04,
        "h": 0.7084961
      },
      "gradient": {
        "colors": [
          [
            0.0,
            {
              "l": 0.09640302,
              "a": -0.0045896843,
              "b": -0.01945331
            }
          ],
          [
            0.024492187,
            {
              "l": 0.24869081,
              "a": -0.033586904,
              "b": -0.026650116
            }
          ],
          [
            0.3,
            {
              "l": 0.49635193,
              "a": -0.03772974,
              "b": -0.07815951
            }
          ],
          [
            0.75,
            {
              "l": 0.9187093,
              "a": -0.057915866,
              "b": -0.03651452
            }
          ],
          [
            1.0,
            {
              "l": 0.9939276,
              "a": -0.00021147728,
              "b": 0.008179784
            }
          ]
        ]
      }
    },
    "Forest": {
      "background_color_1": {
        "l": 0.15120327,
        "c": 0.047958434,
        "h": 0.40199226
      },
      "background_color_2": {
        "l": 0.15120327,
        "c": 0.047958434,
        "h": 0.40199226
      },
      "gradient": {
        "colors": [
          [
            0.0,
            {
              "l": 0.09640302,
              "a": -0.0045896843,
              "b": -0.01945331
            }
          ],
          [
            0.019003905,
            {
              "l": 0.24563818,
              "a": -0.04210706,
              "b": -0.0013706684
            }
          ],
          [
            0.3,
            {
              "l": 0.49505356,
              "a": -0.06202814,
              "b": 0.05735913
            }
          ],
          [
            0.75,
            {
              "l": 0.9203751,
              "a": -0.049943507,
              "b": 0.04711181
            }
          ],
          [
            1.0,
            {
              "l": 0.8658217,
              "a": -0.20754892,
              "b": 0.1791032
            }
          ]
        ]
      }
    },
    "Hotmap": {
      "background_color_1": {
        "l": 0.27,
        "c": 0.11,
        "h": 0.07
      },
      "background_color_2": {
        "l": 0.1,
        "c": 0.04,
        "h": 0.07
      },
      "gradient": {
        "colors": [
          [
            0.0,
            {
              "l": 0.09,
              "a": 0.02,
              "b": 0.02
            }
          ],
          [
            0.03,
            {
              "l": 0.25,
              "a": 0.09,
              "b": 0.05
            }
          ],
          [
            0.3,
            {
              "l": 0.5,
              "a": 0.18,
              "b": 0.1
            }
          ],
          [
            0.75,
            {
              "l": 0.92,
              "a": -0.05,
              "b": 0.19
            }
          ],
          [
            1.0,
            {
              "l": 1.0,
              "a": 0.0,
              "b": 0.0
            }
          ]
        ]
      }
    },
    "pamtoH": {
      "background_color_1": {
        "l": 0.1,
        "c": 0.04,
        "h": 0.07
      },
      "background_color_2": {
        "l": 0.27,
        "c": 0.11,
        "h": 0.07
      },
      "gradient": {
        "colors": [
          [
            0.0,
            {
              "l": 1.0,
              "a": 0.0,
              "b": 0.0
            }
          ],
          [
            0.25,
            {
              "l": 0.92,
              "a": -0.05,
              "b": 0.19
            }
          ],
          [
            0.7,
            {
              "l": 0.5,
              "a": 0.18,
              "b": 0.1
            }
          ],
          [
            0.97,
            {
              "l": 0.25,
              "a": 0.09,
              "b": 0.05
            }
          ],
          [
            1.0,
            {
              "l": 0.09,
              "a": 0.02,
              "b": 0.02
            }
          ]
        ]
      }
    }
  },
  "gradient": {
    "colors": [
      [
        0.0,
        {
          "l": 0.09640302,
          "a": -0.0045896843,
          "b": -0.01945331
        }
      ],
      [
        0.019003905,
        {
          "l": 0.24563818,
          "a": -0.04210706,
          "b": -0.0013706684
        }
      ],
      [
        0.3,
        {
          "l": 0.49505356,
          "a": -0.06202814,
          "b": 0.05735913
        }
      ],
      [
        0.75,
        {
          "l": 0.9203751,
          "a": -0.049943507,
          "b": 0.04711181
        }
      ],
      [
        1.0,
        {
          "l": 0.8658217,
          "a": -0.20754892,
          "b": 0.1791032
        }
      ]
    ]
  }
}