{
  "base_attractor": {
    "a": [
      -0.14489964434557653,
      0.10192034608485931,
      0.30376537599391323,
      -0.49656219694300074,
      0.8307797265371777,
      0.08686455488541849
    ],
    "b": [
      -0.8505916355865207,
      -0.8102888633602636,
      1.0829915153756509,
      -0.26219549547814064,
      0.019136999891689516,
      0.21567806086729116
    ],
    "start": [
      -0.7205233714138706,
      0.2526086575255046
    ]
  },
  "base_intensity": 46,
  "transform": [
    [
      0.0017482515672331282,
      0.0,
      0.0,
      0.0017482517570603776
    ],
    [
      -2.3811187381141705,
      -1.2500000113367065
    ]
  ],
  "size": {
    "width": 1362,
    "height": 715
  },
  "seed": 678685,
  "multisampling": 2,
  "anti_aliasing": "None",
  "intensity": 1.4,
  "random_start": false,
  "multithreaded": "Single",
  "samples_per_iteration": 100000,
  "background_color_1": {
    "l": 0.094945915,
    "c": 0.021231238,
    "h": 0.6644922
  },
  "background_color_2": {
    "l": 0.1440396,
    "c": 0.047531977,
    "h": 0.7084961
  },
  "saved_themes": {
    "Cold": {
      "background_color_1": {
        "l": 0.27,
        "c": 0.11,
        "h": 0.6644922
      },
      "background_color_2": {
        "l": 0.1,
        "c": 0.04,
        "h": 0.7084961
      },
      "gradient": {
        "colors": [
          [
            0.0,
            {
              "l": 0.09640302,
              "a": -0.0045896843,
              "b": -0.01945331
            }
          ],
          [
            0.025,
            {
              "l": 0.24869081,
              "a": -0.033586904,
              "b": -0.026650116
            }
          ],
          [
            0.3,
            {
              "l": 0.49635193,
              "a": -0.03772974,
              "b": -0.07815951
            }
          ],
          [
            0.75,
            {
              "l": 0.9187093,
              "a": -0.057915866,
              "b": -0.03651452
            }
          ],
          [
            1.0,
            {
              "l": 0.9939276,
              "a": -0.00021147728,
              "b": 0.008179784
            }
          ]
        ]
      }
    },
    "Forest": {
      "background_color_1": {
        "l": 0.15120327,
        "c": 0.047958434,
        "h": 0.40199226
      },
      "background_color_2": {
        "l": 0.15120327,
        "c": 0.047958434,
        "h": 0.40199226
      },
      "gradient": {
        "colors": [
          [
            0.0,
            {
              "l": 0.09640302,
              "a": -0.0045896843,
              "b": -0.01945331
            }
          ],
          [
            0.02,
            {
              "l": 0.24563818,
              "a": -0.04210706,
              "b": -0.0013706684
            }
          ],
          [
            0.3,
            {
              "l": 0.49505356,
              "a": -0.06202814,
              "b": 0.05735913
            }
          ],
          [
            0.75,
            {
              "l": 0.9203751,
              "a": -0.049943507,
              "b": 0.04711181
            }
          ],
          [
            1.0,
            {
              "l": 0.8658217,
              "a": -0.20754892,
              "b": 0.1791032
            }
          ]
        ]
      }
    },
    "Hotmap": {
      "background_color_1": {
        "l": 0.27,
        "c": 0.11,
        "h": 0.07
      },
      "background_color_2": {
        "l": 0.1,
        "c": 0.04,
        "h": 0.07
      },
      "gradient": {
        "colors": [
          [
            0.0,
            {
              "l": 0.09,
              "a": 0.02,
              "b": 0.02
            }
          ],
          [
            0.03,
            {
              "l": 0.25,
              "a": 0.09,
              "b": 0.05
            }
          ],
          [
            0.3,
            {
              "l": 0.5,
              "a": 0.18,
              "b": 0.1
            }
          ],
          [
            0.75,
            {
              "l": 0.92,
              "a": -0.05,
              "b": 0.19
            }
          ],
          [
            1.0,
            {
              "l": 1.0,
              "a": 0.0,
              "b": 0.0
            }
          ]
        ]
      }
    }
  },
  "gradient": {
    "colors": [
      [
        0.0,
        {
          "l": 0.09640302,
          "a": -0.0045896843,
          "b": -0.01945331
        }
      ],
      [
        0.019003905,
        {
          "l": 0.24563818,
          "a": -0.04210706,
          "b": -0.0013706684
        }
      ],
      [
        0.3,
        {
          "l": 0.49505356,
          "a": -0.06202814,
          "b": 0.05735913
        }
      ],
      [
        0.75,
        {
          "l": 0.8717025,
          "a": -0.13522243,
          "b": 0.12773597
        }
      ],
      [
        1.0,
        {
          "l": 0.9851037,
          "a": -8.940697e-8,
          "b": 5.9604645e-8
        }
      ]
    ]
  }
}