{
  "base_attractor": {
    "a": [ -0.03609563147185546, -0.7423680148051633, 0.17303386822079267, 0.32838292869383945, 0.6074176218241537, -0.1436921067145172 ],
    "b": [ -0.42633795509364286, -0.7381739059862795, 1.3233936958999912, 0.32094947069690677, -1.017687307000356, 0.3569456276882577 ],
    "start": [ -0.07662679877568114, 0.34547967264482604 ]
  },
  "base_intensity": 36,
  "transform": [
    [ 0.0042119380666274875, 0.0, 0.0, 0.004169102063312722 ],
    [ -1.6813773969165577, -1.2513151141901195 ]
  ],
  "size": [800, 600],
  "seed": 3,
  "min_area": 750,
  "multisampling": 1,
  "anti_aliasing": "None",
  "intensity": 1.0,
  "random_start": false,
  "multithreading": "Single",
  "samples_per_iteration": 100000,
  "saved_themes": {
    "Cold": {
      "background_color_1": { "l": 0.27, "c": 0.11, "h": 0.6644922 },
      "background_color_2": { "l": 0.1, "c": 0.04, "h": 0.7084961 },
      "gradient": {
        "colors": [
          [ 0.0, { "r": 1, "g": 3, "b": 8 } ],
          [ 0.025, { "r": 2, "g": 38, "b": 47 } ],
          [ 0.3, { "r": 50, "g": 103, "b": 144 } ],
          [ 0.75, { "r": 175, "g": 241, "b": 255 } ],
          [ 1.0, { "r": 255, "g": 253, "b": 247 } ]
        ]
      }
    },
    "Forest": {
      "background_color_1": { "l": 0.15120327, "c": 0.047958434, "h": 0.40199226 },
      "background_color_2": { "l": 0.15120327, "c": 0.047958434, "h": 0.40199226 },
      "gradient": {
        "colors": [
          [ 0.0, { "r": 1, "g": 3, "b": 8 } ],
          [ 0.02, { "r": 2, "g": 39, "b": 34 } ],
          [ 0.3, { "r": 74, "g": 109, "b": 60 } ],
          [ 0.75, { "r": 208, "g": 240, "b": 195 } ],
          [ 1.0, { "r": 91, "g": 250, "b": 0 } ]
        ]
      }
    },
    "Hotmap": {
      "background_color_1": { "l": 0.27, "c": 0.11, "h": 0.07 },
      "background_color_2": { "l": 0.1, "c": 0.04, "h": 0.07 },
      "gradient": {
        "colors": [
          [ 0.0, { "r": 7, "g": 1, "b": 0 } ],
          [ 0.03, { "r": 71, "g": 0, "b": 0 } ],
          [ 0.3, { "r": 188, "g": 0, "b": 1 } ],
          [ 0.75, { "r": 249, "g": 234, "b": 0 } ],
          [ 1.0, { "r": 255, "g": 255, "b": 255 } ]
        ]
      }
    }
  },
  "theme_name": "Forest",
  "background_color_1": { "l": 0.15120327, "c": 0.047958434, "h": 0.40199226 },
  "background_color_2": { "l": 0.15120327, "c": 0.047958434, "h": 0.40199226 },
  "gradient": {
    "colors": [
      [ 0.0, { "r": 1, "g": 3, "b": 8 } ],
      [ 0.019003905, { "r": 2, "g": 39, "b": 34 } ],
      [ 0.3, { "r": 74, "g": 109, "b": 60 } ],
      [ 0.75, { "r": 208, "g": 240, "b": 195 } ],
      [ 1.0, { "r": 91, "g": 250, "b": 0 } ]
    ]
  }
}
