{
  "base_attractor": {
    "a": [ -0.03609563147185546, -0.7423680148051633, 0.17303386822079267, 0.32838292869383945, 0.6074176218241537, -0.1436921067145172 ],
    "b": [ -0.42633795509364286, -0.7381739059862795, 1.3233936958999912, 0.32094947069690677, -1.017687307000356, 0.3569456276882577 ],
    "start": [ -0.07662679877568114, 0.34547967264482604 ]
  },
  "base_intensity": 36,
  "transform": [
    [ 0.0042119380666274875, 0.0, 0.0, 0.004169102063312722 ],
    [ -1.6813773969165577, -1.2513151141901195 ]
  ],
  "size": { "width": 800, "height": 600 },
  "seed": 3,
  "multisampling": 1,
  "anti_aliasing": "None",
  "intensity": 1.0,
  "random_start": false,
  "multithreaded": "Single",
  "samples_per_iteration": 100000,
  "saved_themes": {
    "Cold": {
      "background_color_1": { "l": 0.27, "c": 0.11, "h": 0.6644922 },
      "background_color_2": { "l": 0.1, "c": 0.04, "h": 0.7084961 },
      "gradient": {
        "colors": [
          [ 0.0, { "l": 0.09640302, "a": -0.0045896843, "b": -0.01945331 } ],
          [ 0.025, { "l": 0.24869081, "a": -0.033586904, "b": -0.026650116 } ],
          [ 0.3, { "l": 0.49635193, "a": -0.03772974, "b": -0.07815951 } ],
          [ 0.75, { "l": 0.9187093, "a": -0.057915866, "b": -0.03651452 } ],
          [ 1.0, { "l": 0.9939276, "a": -0.00021147728, "b": 0.008179784 } ]
        ]
      }
    },
    "Forest": {
      "background_color_1": { "l": 0.15120327, "c": 0.047958434, "h": 0.40199226 },
      "background_color_2": { "l": 0.15120327, "c": 0.047958434, "h": 0.40199226 },
      "gradient": {
        "colors": [
          [ 0.0, { "l": 0.09640302, "a": -0.0045896843, "b": -0.01945331 } ],
          [ 0.02, { "l": 0.24563818, "a": -0.04210706, "b": -0.0013706684 } ],
          [ 0.3, { "l": 0.49505356, "a": -0.06202814, "b": 0.05735913 } ],
          [ 0.75, { "l": 0.9203751, "a": -0.049943507, "b": 0.04711181 } ],
          [ 1.0, { "l": 0.8658217, "a": -0.20754892, "b": 0.1791032 } ]
        ]
      }
    },
    "Hotmap": {
      "background_color_1": { "l": 0.27, "c": 0.11, "h": 0.07 },
      "background_color_2": { "l": 0.1, "c": 0.04, "h": 0.07 },
      "gradient": {
        "colors": [
          [ 0.0, { "l": 0.09, "a": 0.02, "b": 0.02 } ],
          [ 0.03, { "l": 0.25, "a": 0.09, "b": 0.05 } ],
          [ 0.3, { "l": 0.5, "a": 0.18, "b": 0.1 } ],
          [ 0.75, { "l": 0.92, "a": -0.05, "b": 0.19 } ],
          [ 1.0, { "l": 1.0, "a": 0.0, "b": 0.0 } ]
        ]
      }
    }
  },
  "theme_name": "Forest",
  "background_color_1": { "l": 0.15120327, "c": 0.047958434, "h": 0.40199226 },
  "background_color_2": { "l": 0.15120327, "c": 0.047958434, "h": 0.40199226 },
  "gradient": {
    "colors": [
      [ 0.0, { "l": 0.09640302, "a": -0.0045896843, "b": -0.01945331 } ],
      [ 0.019003905, { "l": 0.24563818, "a": -0.04210706, "b": -0.0013706684 } ],
      [ 0.3, { "l": 0.49505356, "a": -0.06202814, "b": 0.05735913 } ],
      [ 0.75, { "l": 0.9203751, "a": -0.049943507, "b": 0.04711181 } ],
      [ 1.0, { "l": 0.8658217, "a": -0.20754892, "b": 0.1791032 } ]
    ]
  }
}
